Chevrolet,2006,Crossover
Ford,2006,Wagon
Hyundai,2010,Wagon
Toyota,2006,Coupe
Ford,2021,Crossover
Volkswagen,2003,Truck
Nissan,2022,Wagon
Mercedes,2013,Hatchback
BMW,2020,Van
Chevrolet,2015,SUV
Chevrolet,2019,Crossover
Nissan,2009,Sport
Toyota,2010,Hatchback
Ford,2006,Crossover
Nissan,2021,Van
Nissan,2016,Truck
Volkswagen,2000,Sedan
Toyota,2013,Sedan
Hyundai,2012,Sport
Kia,2004,Coupe
Volkswagen,2019,Hatchback
Nissan,2001,Sedan
Chevrolet,2018,Van
Ford,2022,Wagon
Volkswagen,2014,Van
BMW,2016,Truck
Kia,2021,Crossover
Kia,2020,SUV
Toyota,2022,Hatchback
Ford,2002,Wagon
BMW,2019,SUV
Hyundai,2017,Convertible
Chevrolet,2002,Convertible
Honda,2012,Van
Hyundai,2016,Sedan
Nissan,2006,Crossover
BMW,2002,Truck
Hyundai,2001,Coupe
Hyundai,2008,Coupe
Toyota,2001,Coupe
Chevrolet,2015,Van
Hyundai,2003,SUV
Volkswagen,2017,SUV
Ford,2016,SUV
Chevrolet,2003,Crossover
Hyundai,2006,Van
Mercedes,2011,Truck
Mercedes,2001,SUV
Honda,2006,Truck
Kia,2004,Van
Mercedes,2018,Hatchback
Mercedes,2005,Crossover
BMW,2017,Sport
Nissan,2008,Coupe
Toyota,2012,Van
Mercedes,2018,Hatchback
Chevrolet,2008,Hatchback
Honda,2003,Coupe
Volkswagen,2004,Wagon
Kia,2006,Coupe
Volkswagen,2001,Coupe
BMW,2001,Wagon
Toyota,2000,Convertible
Chevrolet,2012,Sedan
Hyundai,2002,Convertible
Honda,2000,Convertible
Honda,2000,SUV
Hyundai,2014,Sedan
Mercedes,2009,Wagon
Kia,2004,Hatchback
Toyota,2020,Coupe
Kia,2009,Sedan
Kia,2012,SUV
Kia,2013,Coupe
Toyota,2005,Truck
Chevrolet,2016,Sport
Mercedes,2002,Van
Nissan,2004,Sport
Mercedes,2010,Truck
Honda,2019,Convertible
Mercedes,2002,Sedan
Hyundai,2021,Crossover
Volkswagen,2010,Sedan
Hyundai,2014,Convertible
Chevrolet,2010,SUV
Toyota,2019,Hatchback
Nissan,2011,Sport
Hyundai,2016,Crossover
BMW,2007,Coupe
Hyundai,2013,Van
Kia,2014,SUV
Mercedes,2001,Crossover
Kia,2005,Crossover
Volkswagen,2017,Crossover
Mercedes,2020,Wagon
Volkswagen,2010,Truck
Volkswagen,2018,Coupe
Nissan,2008,Sedan
Ford,2013,Sedan
Kia,2010,Hatchback
